Branch ID,Branch Name,City,State,Customers,Accounts,Cards,Loans,Transactions,Customer Share %
2,New York Branch 2,New York,NY,1177,1777,1469,687,70962,21.54
5,New York Branch 5,New York,NY,777,1175,939,452,46845,14.22
7,Chicago Branch 2,Chicago,IL,659,971,786,407,39585,12.06
1,New York Branch 1,New York,NY,356,523,424,223,21054,6.52
18,Charlotte Branch 2,Charlotte,NC,275,416,333,166,16382,5.03
11,Philadelphia Branch 2,Philadelphia,PA,260,408,358,161,15927,4.76
21,Indianapolis Branch 1,Indianapolis,IN,218,326,253,129,12846,3.99
20,Columbus Branch 2,Columbus,OH,210,358,255,134,12410,3.84
25,Nashville Branch,Nashville,TN,188,279,216,119,11474,3.44
24,Jacksonville Branch 2,Jacksonville,FL,186,281,255,120,11327,3.4
13,Boston Branch 1,Boston,MA,143,226,198,94,8350,2.62
23,Jacksonville Branch 1,Jacksonville,FL,138,208,166,79,8529,2.53
10,Philadelphia Branch 1,Philadelphia,PA,138,212,157,76,8525,2.53
16,Washington Branch 2,Washington,DC,115,166,135,53,6611,2.11
3,New York Branch 3,New York,NY,106,151,145,49,6273,1.94
9,Chicago Branch 4,Chicago,IL,97,166,120,58,5785,1.78
15,Washington Branch 1,Washington,DC,87,126,92,67,5052,1.59
12,Philadelphia Branch 3,Philadelphia,PA,65,102,89,45,3787,1.19
19,Columbus Branch 1,Columbus,OH,63,91,74,33,3688,1.15
8,Chicago Branch 3,Chicago,IL,57,79,66,28,3157,1.04
14,Boston Branch 2,Boston,MA,57,85,78,36,3500,1.04
22,Indianapolis Branch 2,Indianapolis,IN,51,84,58,38,2945,0.93
4,New York Branch 4,New York,NY,31,48,39,20,1862,0.57
6,Chicago Branch 1,Chicago,IL,5,10,4,1,311,0.09
17,Charlotte Branch 1,Charlotte,NC,4,8,6,2,210,0.07
