Branch ID,Branch Name,City,State,Transactions,Txn Share %
2,New York Branch 2,New York,NY,70962,21.67
5,New York Branch 5,New York,NY,46845,14.31
7,Chicago Branch 2,Chicago,IL,39585,12.09
1,New York Branch 1,New York,NY,21054,6.43
18,Charlotte Branch 2,Charlotte,NC,16382,5.0
11,Philadelphia Branch 2,Philadelphia,PA,15927,4.86
21,Indianapolis Branch 1,Indianapolis,IN,12846,3.92
20,Columbus Branch 2,Columbus,OH,12410,3.79
25,Nashville Branch,Nashville,TN,11474,3.5
24,Jacksonville Branch 2,Jacksonville,FL,11327,3.46
23,Jacksonville Branch 1,Jacksonville,FL,8529,2.61
10,Philadelphia Branch 1,Philadelphia,PA,8525,2.6
13,Boston Branch 1,Boston,MA,8350,2.55
16,Washington Branch 2,Washington,DC,6611,2.02
3,New York Branch 3,New York,NY,6273,1.92
9,Chicago Branch 4,Chicago,IL,5785,1.77
15,Washington Branch 1,Washington,DC,5052,1.54
12,Philadelphia Branch 3,Philadelphia,PA,3787,1.16
19,Columbus Branch 1,Columbus,OH,3688,1.13
14,Boston Branch 2,Boston,MA,3500,1.07
8,Chicago Branch 3,Chicago,IL,3157,0.96
22,Indianapolis Branch 2,Indianapolis,IN,2945,0.9
4,New York Branch 4,New York,NY,1862,0.57
6,Chicago Branch 1,Chicago,IL,311,0.09
17,Charlotte Branch 1,Charlotte,NC,210,0.06
