Branch ID,Branch Name,City,State,Weight
1,New York Branch 1,New York,NY,0.06403075018161182
2,New York Branch 2,New York,NY,0.2224531523492069
3,New York Branch 3,New York,NY,0.019930047445563894
4,New York Branch 4,New York,NY,0.005795684588331673
5,New York Branch 5,New York,NY,0.14345936059917616
6,Chicago Branch 1,Chicago,IL,0.0005839766689263552
7,Chicago Branch 2,Chicago,IL,0.11923825477553143
8,Chicago Branch 3,Chicago,IL,0.008892771665503734
9,Chicago Branch 4,Chicago,IL,0.017442976470908974
10,Philadelphia Branch 1,Philadelphia,PA,0.024669997001789012
11,Philadelphia Branch 2,Philadelphia,PA,0.0458853546680743
12,Philadelphia Branch 3,Philadelphia,PA,0.01380789389703621
13,Boston Branch 1,Boston,MA,0.027467062432306028
14,Boston Branch 2,Boston,MA,0.00853508694974664
15,Washington Branch 1,Washington,DC,0.018335738856621576
16,Washington Branch 2,Washington,DC,0.019278447064925975
17,Charlotte Branch 1,Charlotte,NC,0.00047105864532612576
18,Charlotte Branch 2,Charlotte,NC,0.05003941959218059
19,Columbus Branch 1,Columbus,OH,0.010020792041182312
20,Columbus Branch 2,Columbus,OH,0.03995234068315945
21,Indianapolis Branch 1,Indianapolis,IN,0.039677756652183996
22,Indianapolis Branch 2,Indianapolis,IN,0.008145994019497909
23,Jacksonville Branch 1,Jacksonville,FL,0.023684549513840632
24,Jacksonville Branch 2,Jacksonville,FL,0.030587347315820846
25,Nashville Branch,Nashville,TN,0.037614185921547555
